Diameter (mm),Height (mm),Compressive Strength (MPa),Fiber Volume Ratio,Fiber Elastic Modulus (GPa),Fiber Tensile Strength (MPa),Fiber Thickness (mm),Number of Layers,Confinement Strength (MPa)
152,305,39.2,0.013,116,3732,0.51,3,113.2
152,305,47.8,0.067,22,508,2.5,3,88.9
76,305,30.93,0.012,73,1518,0.24,2,60.82
76,305,30.9,0.013,73,1578,0.24,1,60.8
100,200,29.16,0.015,76,2300,0.38,1,67.37
160,320,26.2,0.051,26,325,2,2,49.4
160,320,25,0.008,74,2500,0.33,3,42.8
100,200,28.86,0.015,76,2300,0.38,1,54.21
150,300,36.3,0.008,52,583,0.3,1,41.2
150,300,36.3,0.032,52,583,1.2,4,84.33
120,240,32.7,0.03,33,744,0.9,2,61.4
153,305,54.33,0.032,95,3055,1.2,4,109.2
152,305,18.3,0.005,76,3910,0.17,1,26.43
152,305,44.1,0.045,18,425,1.68,2,66.2
153,305,29.8,0.022,56,1800,0.83,3,49.02
152,305,40.2,0.027,26,610,1.02,1,49.6
152,305,38.5,0.034,22,506,1.27,1,51.9
100,300,78.5,0.035,118,2060,0.86,3,185.8
100,200,19.7,0.014,76,3910,0.34,2,44.34
100,200,30.2,0.006,97,2589,0.15,1,39
150,300,36.3,0.016,52,583,0.6,2,55.75
150,300,54,0.019,31,602,0.7,1,61.56
150,300,60,0.107,27,540,3.9,3,99.6
150,300,32.54,0.012,65,1700,0.46,3,73.56
150,300,31.1,0.069,21,464,2.54,2,91.6
153,305,33.9,0.011,95,3055,0.4,2,78.1
153,305,29.8,0.036,56,1800,1.38,4,88.32
100,200,67.03,0.107,26,575,2.6,2,97.6
160,320,40,0.014,74,2500,0.55,5,68.2
153,305,32.1,0.027,5,75,1.02,6,37.6
152,305,19.3,0.005,76,3910,0.17,1,25.89
150,300,42,0.024,65,3000,0.89,6,85
152.5,305,112.48,0.032,129,2390,1.2,6,163.1
150,300,36.3,0.016,52,583,0.6,2,60.52
153,305,37.2,0.109,19,586,4.06,7,111
150,300,39,0.015,65,1700,0.56,2,61
160,320,40,0.008,74,2500,0.33,3,50.8
160,320,26.2,0.051,26,325,2,2,52.5
120,240,32.7,0.03,33,744,0.9,2,62.2
150,300,29.6,0.069,21,464,2.54,2,89.4
160,320,26.2,0.025,26,325,1,1,34.6
160,320,26,0.013,9,171,0.5,2,42.6
152,305,110.6,0.067,22,508,2.5,2,144.3
152,305,79.9,0.101,22,508,3.75,3,120.8
153,305,29.8,0.036,56,1800,1.38,4,86.81
152.5,305,113.69,0.032,129,2390,1.2,6,178.5
152,305,32.1,0.164,5,75,6,6,37.6
102,203,39,0.035,48,2070,0.88,2,115.3
152,305,47.8,0.101,22,508,3.75,4,112.5
152,305,39,0.011,120,2900,0.4,2,67.1
150,300,23,0.008,115,2324,0.29,2,53
105,315,28.79,0.011,118,2060,0.29,4,87.42
150,300,44.7,0.019,31,602,0.7,1,52.23
152,305,38.5,0.034,22,507,1.27,1,56.2
160,320,61.7,0.076,26,325,3,3,90.1
150,300,23,0.009,81,1794,0.35,1,45
150,300,25.1,0.027,26,537,1.02,2,55.5
153,305,29.8,0.007,56,1800,0.28,1,34.06
102,204,39.4,0.056,20,363,1.42,1,63.1
100,200,67.03,0.107,26,575,2.6,2,97.5
152,305,45.9,0.004,80,1826,0.17,1,40.5
152,305,32.2,0.026,11,220,1,1,31
150,300,36.2,0.038,31,602,1.4,2,75.3
102,204,39.5,0.056,20,363,1.42,1,60.4
153,305,32.1,0.013,5,75,0.51,3,36.6
150,300,80.8,0.107,27,540,3.9,3,100.9
194,582,23.98,0.006,118,2060,0.29,2,43.9
153,305,46.7,0.009,80,1826,0.34,2,58
153,305,39.6,0.004,80,1826,0.17,1,37.2
152.5,305,73,0.021,129,2390,0.8,4,139.3
152,305,44.1,0.045,18,425,1.68,2,66.6
103,200,46.3,0.051,26,575,1.3,1,58.5
152,305,44.1,0.09,18,425,3.35,3,94.1
152.5,305,73,0.021,129,2390,0.8,4,130.1
160,320,26.2,0.076,26,325,3,3,62.8
152,305,38.5,0.068,21,506,2.54,2,75.2
152.5,305,112.59,0.032,129,2390,1.2,6,165.5
160,320,25,0.008,74,2500,0.33,3,42.3
152,305,45.9,0.009,81,1826,0.34,2,55.2
160,320,26.2,0.076,26,325,3,3,54.7
150,300,42,0.004,65,3000,0.15,1,41
153,305,31.2,0.082,19,565,3.07,5,96.87
153,305,31.2,0.036,56,1800,1.38,4,89.01
152,305,100,0.021,120,2900,0.8,4,122.3
100,200,80.6,0.053,26,575,1.3,1,96.3
152,305,102,0.021,120,2900,0.8,4,118.7
152.5,305,85.67,0.032,129,2390,1.2,6,166.2
100,300,101.2,0.023,118,2060,0.57,2,154
152.5,305,73,0.021,95,3055,0.8,4,136.3
200,400,32.59,0.008,76,2300,0.38,1,47.89
70,210,29.37,0.011,118,2060,0.19,4,86.07
150,300,69,0.024,65,3000,0.89,6,107
152,305,49.4,0.016,120,2900,0.6,3,103.4
70,210,51.63,0.011,118,2060,0.19,4,111.43
100,300,46.4,0.011,118,2060,0.29,2,78.26
160,320,25,0.008,74,2500,0.33,3,43.1
150,300,36.3,0.032,52,583,1.2,4,84.88
160,320,40,0.014,74,2500,0.55,5,66.7
100,200,80.6,0.053,26,575,1.3,1,111.5
153,305,29.8,0.007,56,1800,0.28,1,35.58
152,305,44.1,0.09,18,425,3.35,3,91.87
152,610,26.2,0.026,22,383,1,1,38.4
152,305,39.2,0.013,116,3732,0.51,3,116.3
152.5,305,85.7,0.032,129,2390,1.2,6,168
70,210,29.37,0.003,118,2060,0.06,1,41.8
153,305,31.2,0.082,19,565,3.07,5,91.01
194,582,23.98,0.003,118,2060,0.14,1,33.84
150,600,31.2,0.069,21,464,2.54,2,81.2
150,300,36.3,0.032,52,583,1.2,4,107.91
160,320,40,0.006,74,2500,0.22,2,46.3
150,300,35.6,0.104,62,1150,3.8,2,186.35
152,305,38.5,0.034,21,506,1.27,1,58.3
152,305,106,0.032,120,2900,1.2,6,154.7
160,320,40,0.006,74,2500,0.22,2,44.8
152,305,49.4,0.016,120,2900,0.6,3,104
105,200,54.5,0.102,26,575,2.6,2,84.1
100,200,67.03,0.053,26,575,1.3,1,86.7
160,320,26,0.008,3,135,0.3,1,37.32
150,300,32.54,0.031,65,1700,1.15,7,130.15
160,320,26.2,0.076,26,325,3,3,56.4
152,305,49.4,0.016,120,2900,0.6,3,105.3
152,305,79.9,0.067,22,508,2.5,2,94.1
150,300,54,0.057,31,602,2.1,3,111.24
150,600,31.2,0.069,21,464,2.54,2,87.5
100,200,67.03,0.053,26,575,1.3,1,81.3
150,300,35.21,0.01,76,2300,0.38,1,56.28
152,305,39,0.011,120,2900,0.4,2,69.2
152,305,49.4,0.016,120,2900,0.6,3,110.1
102,204,32,0.014,72,1520,0.35,1,51.6
152.5,305,112.27,0.032,129,2390,1.2,6,168.4
102,203,50.5,0.035,48,2070,0.88,2,135.1
105,315,50.64,0.011,118,2060,0.29,4,96.02
150,300,44.7,0.057,31,602,2.1,3,103.45
150,300,47.7,0.035,27,540,1.3,1,56.7
160,320,56.7,0.044,24,383,1.76,4,95.5
105,315,50.64,0.003,118,2060,0.07,1,59.48
152,305,38.5,0.068,21,506,2.54,2,77.3
152,304,37,0.105,28,642,3.9,3,90
150,300,23.1,0.009,81,1794,0.35,1,46.4
160,320,26.2,0.025,26,325,1,1,38.3
150,300,43,0.144,14,230,5.21,4,74.4
160,320,61.7,0.076,26,325,3,3,92.1
152,305,79.9,0.067,22,508,2.5,2,92.5
153,305,54.29,0.032,95,3055,1.2,4,126.5
152,305,45.9,0.004,80,1826,0.17,1,48.4
150,300,44.7,0.038,31,602,1.4,2,76.85
120,240,32.7,0.061,33,744,1.8,4,101.3
150,300,36.3,0.016,52,583,0.6,2,60.16
160,320,56.7,0.011,24,383,0.44,1,74
120,240,32.7,0.061,33,744,1.8,4,88
152.5,305,85.71,0.032,129,2390,1.2,6,168
152,305,45.9,0.013,81,1826,0.51,3,65.9
160,320,40,0.008,74,2500,0.33,3,51.8
150,300,32.54,0.031,65,1700,1.15,7,135.81
150,300,36.3,0.016,52,583,0.6,2,69.02
153,305,31.2,0.022,56,1800,0.83,3,65.43
152,305,45.9,0.013,81,1826,0.51,3,64.6
150,300,60,0.035,27,540,1.3,1,62.4
160,320,42.6,0.025,26,325,1,1,55.5
150,300,28.35,0.006,86,1957,0.23,1,53.27
150,300,36.3,0.016,52,583,0.6,2,56.41
153,305,36.5,0.009,80,1826,0.34,2,53.8
153,305,33.9,0.011,95,3055,0.4,2,75.1
152,305,79.9,0.101,22,508,3.75,3,126.1
153,305,39.6,0.013,81,1826,0.51,3,60.9
152,305,79.9,0.136,21,496,5,4,174.6
153,305,39.6,0.004,80,1826,0.17,1,38.8
194,582,23.98,0.012,118,2060,0.57,4,80.86
150,300,35.6,0.104,62,1150,3.8,2,192.21
152,305,49.4,0.016,120,2900,0.6,3,107.7
160,320,26.2,0.025,26,325,1,1,38
152,305,49.4,0.016,120,2900,0.6,3,109
152,305,18.3,0.005,76,3910,0.17,1,26.86
150,300,39,0.015,65,1700,0.56,2,64
150,300,47.7,0.107,27,540,3.9,3,100.1
150,300,43,0.034,14,230,1.27,1,47.3
150,300,69,0.012,65,3000,0.45,3,81
153,305,29.8,0.007,56,1800,0.28,1,31.03
152,305,39,0.016,120,2900,0.6,3,85
160,320,61.7,0.076,26,325,3,3,94.4
153,305,29.8,0.022,56,1800,0.83,3,58.68
160,320,61.7,0.051,26,325,2,2,78
152.5,305,113.8,0.032,129,2390,1.2,6,170.7
105,315,50.64,0.005,118,2060,0.14,2,62.69
100,200,67.03,0.107,26,575,2.6,2,89.9
150,600,31.2,0.069,21,464,2.54,2,88.7
152,305,44.1,0.045,18,425,1.68,2,63.62
150,300,36.2,0.057,31,602,2.1,3,98.46
152,610,26.2,0.053,22,383,2,2,52.5
150,300,33.3,0.038,31,602,1.4,2,78.59
150,300,41.7,0.014,26,537,0.51,1,51.9
153,305,29.8,0.022,56,1800,0.83,3,63.02
153,305,36.7,0.009,80,1826,0.34,2,53.1
153,305,36.5,0.013,80,1826,0.51,3,63.1
150,300,33.3,0.019,31,602,0.7,1,50.28
153,305,29.8,0.036,56,1800,1.38,4,93.63
100,200,30.2,0.012,87,2707,0.29,2,68.5
160,320,56.7,0.022,24,383,0.88,2,84
152.5,305,73,0.021,95,3055,0.8,4,136
152,305,18.3,0.005,76,3910,0.17,1,27.48
102,204,38,0.056,20,363,1.42,1,57
150,300,90.3,0.035,27,540,1.3,1,97
160,320,52,0.012,74,2500,0.5,3,76.1
152,305,45.6,0.019,15,320,0.74,2,49.4
152.5,305,85.6,0.032,129,2390,1.2,6,165.2
153,305,31.2,0.049,19,565,1.84,3,64.67
150,300,80.8,0.035,27,540,1.3,1,88.9
150,300,107.8,0.035,27,540,1.3,1,116
152,305,19.3,0.005,76,3910,0.17,1,26.53
160,320,42.6,0.025,26,325,1,1,56.5
194,582,44.92,0.006,118,2060,0.29,2,58.75
152,305,47.8,0.101,22,508,3.75,4,113.2
160,320,61.7,0.051,26,325,2,2,76.7
152,305,45.9,0.009,81,1826,0.34,2,52.8
152,305,59,0.053,34,748,2,2,73
153,305,33.9,0.011,95,3055,0.4,2,76.3
160,320,42.6,0.025,26,325,1,1,59.8
153,305,32.1,0.004,5,75,0.17,1,36.8
150,300,31.1,0.069,21,464,2.54,2,87.5
150,300,50.8,0.035,27,540,1.3,1,55.5
150,300,32.54,0.031,65,1700,1.15,7,118.84
160,320,52,0.012,74,2500,0.5,3,75.1
153,305,39.6,0.009,80,1826,0.34,2,56.3
150,300,36.3,0.016,52,583,0.6,2,59.77
150,300,36.3,0.032,52,583,1.2,4,106.87
152,305,39.2,0.013,115,3732,0.51,3,118
152,305,18.85,0.005,76,3910,0.17,1,26.65
150,300,43,0.069,14,230,2.56,2,58.9
152,305,31.8,0.081,5,75,3,3,37.3
120,240,32.7,0.03,33,744,0.9,2,66.3
150,300,107.8,0.107,27,540,3.9,3,125.2
160,320,26.2,0.051,26,325,2,2,30.2
152,305,44.1,0.09,18,425,3.35,3,89.29
153,305,31.2,0.036,56,1800,1.38,4,91.91
152,305,47.8,0.033,22,508,1.25,1,59.8
153,305,52.21,0.032,95,3055,1.2,4,125.3
150,300,23.1,0.008,115,2324,0.29,2,45.2
152,305,44.1,0.06,18,425,2.24,2,80.04
100,200,19.3,0.007,76,3910,0.17,1,33.66
160,320,40,0.014,74,2500,0.55,5,67.7
100,300,78.5,0.011,118,2060,0.29,4,118.3
150,300,36.3,0.016,52,583,0.6,2,59.23
152,305,79.9,0.033,22,508,1.25,1,89
150,300,25.1,0.055,26,537,2.03,4,83.3
150,300,14.8,0.014,26,537,0.51,1,30
100,200,80.6,0.107,26,575,2.6,2,101
152,305,110.6,0.136,22,508,5,4,174.6
150,300,25.1,0.014,26,537,0.51,1,34.2
150,300,42,0.012,65,3000,0.45,3,61
150,300,50.8,0.107,27,540,3.9,3,90.8
150,375,24.2,0.032,26,575,1.2,1,43.8
160,320,40,0.006,74,2500,0.22,2,49.8
160,320,40,0.008,74,2500,0.33,3,50.8
160,320,52,0.012,74,2500,0.5,3,64.7
150,300,32.54,0.012,65,1700,0.46,3,72.43
150,300,32.54,0.012,65,1700,0.46,3,75.83
152,305,47.8,0.033,22,508,1.25,1,59.1
152,305,47.8,0.067,22,508,2.5,3,88
152,305,32.2,0.026,11,220,1,1,30.8
152,305,32.2,0.081,11,220,3,3,48.3
152,305,32.2,0.081,11,220,3,3,48.3
152,305,54,0.053,9,182,2,2,62
152,305,32.1,0.026,5,75,1,1,36.8
152,305,32.1,0.053,5,75,2,2,36.6
152,305,32.1,0.081,5,75,3,3,36.6
150,300,29.39,0.01,76,2300,0.38,1,56.32
152,305,33.1,0.004,80,1826,0.17,1,42.4
152,305,33.1,0.004,80,1826,0.17,1,41.6
152,305,45.9,0.004,80,1826,0.17,1,40.5
153,305,32.1,0.009,5,75,0.34,2,36.6
152,305,38.5,0.068,21,506,2.54,2,75.7
153,305,52.14,0.032,95,3055,1.2,4,119.4
153,305,52.18,0.032,95,3055,1.2,4,126.8
153,305,54.41,0.032,95,3055,1.2,4,123.5
120,240,32.7,0.061,33,744,1.8,4,104.5
103,200,30.7,0.051,26,575,1.3,1,54.5
105,200,30.7,0.102,26,575,2.6,2,79.3
105,200,46.3,0.102,26,575,2.6,2,83.8
103,200,54.5,0.051,26,575,1.3,1,63.5
153,305,29.8,0.016,19,565,0.61,1,33.7
153,305,31.2,0.049,19,565,1.84,3,67.5
153,305,31.2,0.022,56,1800,0.83,3,63.09
152,305,18.3,0.005,76,3910,0.17,1,25.76
152,305,18.85,0.005,76,3910,0.17,1,27.87
152,305,19.3,0.009,76,3910,0.34,2,39.14
152,305,19.3,0.009,76,3910,0.34,2,35
150,300,36.3,0.008,52,583,0.3,1,46
150,300,36.3,0.032,52,583,1.2,4,79.64
150,300,36.3,0.032,52,583,1.2,4,104.94
152,305,40.2,0.054,26,610,2.03,2,71.4
150,450,31.1,0.069,21,464,2.54,2,91.9
150,450,29.6,0.069,21,464,2.54,2,89.8
150,450,31.2,0.069,21,464,2.54,2,91.9
150,300,44.7,0.008,73,2300,0.31,1,52.69
153,305,39.6,0.009,80,1826,0.34,2,54.6
153,305,39.6,0.013,81,1826,0.51,3,65.7
51,102,18,0.105,28,642,1.3,1,64
160,320,42.6,0.051,26,325,2,2,68.5
160,320,42.6,0.051,26,325,2,2,70
160,320,42.6,0.051,26,325,2,2,71.7
160,320,42.6,0.076,26,325,3,3,75.5
160,320,42.6,0.076,26,325,3,3,78.8
160,320,42.6,0.076,26,325,3,3,77.5
150,300,23.1,0.009,81,1794,0.35,1,45
153,306,44.1,0.044,18,425,1.68,2,65.5
152,305,44.1,0.06,18,425,2.24,2,80.39
152,305,44.1,0.06,18,425,2.24,2,81.13
76,305,31.8,0.012,69,1518,0.24,2,63.2
152,305,39.2,0.004,115,3732,0.17,1,61.4
152,305,39.2,0.004,115,3732,0.17,1,62.7
152,305,39.2,0.004,115,3732,0.17,1,55.8
152,305,39.2,0.009,116,3732,0.34,2,90.1
152,305,39.2,0.009,116,3732,0.34,2,88.3
152,305,39.2,0.009,116,3732,0.34,2,83.3
152,305,39,0.016,120,2900,0.6,3,87.6
150,300,43,0.106,14,230,3.86,3,71
150,300,44.7,0.076,31,602,2.8,4,136.89
150,300,36.2,0.019,31,602,0.7,1,48.15
150,300,33.3,0.057,31,602,2.1,3,103.9
150,300,54,0.038,31,602,1.4,2,84.24
70,210,51.63,0.003,118,2060,0.06,1,65.97
70,210,51.63,0.005,118,2060,0.1,2,72.63
194,582,44.92,0.003,118,2060,0.14,1,44
194,582,44.92,0.012,118,2060,0.57,4,106.03
70,210,29.37,0.005,118,2060,0.1,2,49.64
105,315,28.79,0.003,118,2060,0.07,1,41.2
105,315,28.79,0.005,118,2060,0.14,2,47.77
150,450,47.3,0.015,118,2060,0.57,4,84.3
150,450,51.1,0.015,118,2060,0.57,4,88.65
100,200,30.2,0.017,87,2667,0.43,3,92.1
150,300,23.1,0.008,115,2324,0.29,2,50.7
150,300,23.1,0.008,115,2324,0.29,2,53.7
100,300,46.4,0.023,118,2060,0.57,4,128.49
150,300,90.3,0.107,27,540,3.9,3,110
152,305,79.9,0.033,22,508,1.25,1,85.4
152,305,110.6,0.067,22,508,2.5,2,143.5
152,305,110.6,0.136,22,508,5,4,172.9
152.5,305,73,0.021,95,3055,0.8,4,138.7
100,200,80.6,0.053,26,575,1.3,1,100.4
100,200,67.03,0.053,26,575,1.3,1,92.4
100,200,80.6,0.107,26,575,2.6,2,98.3
100,200,80.6,0.107,26,575,2.6,2,95.8
160,320,61.7,0.025,26,325,1,1,69.4
160,320,61.7,0.025,26,325,1,1,73.1
160,320,61.7,0.025,26,325,1,1,77.5
160,320,61.7,0.051,26,325,2,2,80.8
152.5,305,73,0.021,129,2390,0.8,4,130.5
152.5,305,113.72,0.032,129,2390,1.2,6,186.5
152,305,106,0.032,120,2900,1.2,6,153.2
100,300,78.5,0.023,118,2060,0.57,4,167.1
100,300,101.2,0.011,118,2060,0.29,1,123.3
152.5,305,85.7,0.032,129,2390,1.2,6,166.2
152.5,305,85.7,0.032,129,2390,1.2,6,165.2
